{"cameraMode":{"drawMode":0,"name":"Shaded","section":"Shading Mode"},"sceneLighting":true,"audioPlay":false,"sceneViewState":{"m_AlwaysRefresh":false,"showFog":true,"showSkybox":true,"showFlares":true,"showImageEffects":true,"showParticleSystems":true,"showVisualEffectGraphs":true,"m_FxEnabled":true},"in2DMode":false,"pivot":{"x":50.380043029785159,"y":40.31598663330078,"z":33.383636474609378},"rotation":{"x":-0.13316325843334199,"y":-0.18296995759010316,"z":0.02502894215285778,"w":-0.9738448262214661},"size":56.792049407958987,"orthographic":false}