{"cameraMode":{"drawMode":0,"name":"Shaded","section":"Shading Mode"},"sceneLighting":true,"audioPlay":false,"sceneViewState":{"m_AlwaysRefresh":false,"showFog":true,"showSkybox":true,"showFlares":true,"showImageEffects":true,"showParticleSystems":true,"showVisualEffectGraphs":true,"m_FxEnabled":true},"in2DMode":false,"pivot":{"x":1878.404541015625,"y":1572.900390625,"z":-693.8856811523438},"rotation":{"x":0.026389217004179956,"y":-0.03386329859495163,"z":0.0007374975248239934,"w":0.9992151260375977},"size":1768.2418212890625,"orthographic":false}